{"cameraMode":{"drawMode":0,"name":"Shaded","section":"Shading Mode"},"sceneLighting":true,"audioPlay":false,"sceneViewState":{"showFog":true,"showMaterialUpdate":false,"showSkybox":true,"showFlares":true,"showImageEffects":true,"showParticleSystems":true},"in2DMode":false,"pivot":{"x":3.5871315002441408,"y":-21.681066513061525,"z":-8.97268295288086},"rotation":{"x":0.08211134374141693,"y":-0.9084650278091431,"z":0.21309302747249604,"w":0.3500590920448303},"size":42.94496154785156,"orthographic":false}