{"cameraMode":{"drawMode":0,"name":"Shaded","section":"Shading Mode"},"sceneLighting":true,"audioPlay":false,"sceneViewState":{"showFog":true,"showMaterialUpdate":false,"showSkybox":true,"showFlares":true,"showImageEffects":true,"showParticleSystems":true},"in2DMode":false,"pivot":{"x":140.03558349609376,"y":-379.6773681640625,"z":160.2313690185547},"rotation":{"x":0.4924139082431793,"y":0.26261791586875918,"z":-0.15843145549297334,"w":0.8146530389785767},"size":281.6134948730469,"orthographic":false}