{"cameraMode":{"drawMode":0,"name":"Shaded","section":"Shading Mode"},"sceneLighting":false,"audioPlay":false,"sceneViewState":{"showFog":true,"showMaterialUpdate":false,"showSkybox":false,"showFlares":true,"showImageEffects":true,"showParticleSystems":true},"in2DMode":false,"pivot":{"x":2.5257835388183595,"y":5.722923278808594,"z":1.1382830142974854},"rotation":{"x":0.1611301153898239,"y":-0.801598310470581,"z":0.24875454604625703,"w":0.5192410349845886},"size":12.055861473083496,"orthographic":false}