{"cameraMode":{"drawMode":0,"name":"Shaded","section":"Shading Mode"},"sceneLighting":true,"audioPlay":false,"sceneViewState":{"showFog":true,"showMaterialUpdate":false,"showSkybox":true,"showFlares":true,"showImageEffects":true,"showParticleSystems":true},"in2DMode":false,"pivot":{"x":-10.978957176208496,"y":-12.141990661621094,"z":23.301740646362306},"rotation":{"x":0.30081140995025637,"y":-0.2915268540382385,"z":0.09713761508464813,"w":0.9028938412666321},"size":13.799725532531739,"orthographic":false}