{"cameraMode":{"drawMode":0,"name":"Shaded","section":"Shading Mode"},"sceneLighting":true,"audioPlay":false,"sceneViewState":{"showFog":true,"showMaterialUpdate":false,"showSkybox":true,"showFlares":true,"showImageEffects":true,"showParticleSystems":true},"in2DMode":false,"pivot":{"x":202.6400146484375,"y":-180.3599853515625,"z":32.84595489501953},"rotation":{"x":0.29155972599983218,"y":0.6639745235443115,"z":-0.31656789779663088,"w":0.6115129590034485},"size":204.04925537109376,"orthographic":false}