{"cameraMode":{"drawMode":0,"name":"Shaded","section":"Shading Mode"},"sceneLighting":true,"audioPlay":false,"sceneViewState":{"showFog":true,"showMaterialUpdate":false,"showSkybox":true,"showFlares":true,"showImageEffects":true,"showParticleSystems":true},"in2DMode":false,"pivot":{"x":87.93161010742188,"y":-120.81901550292969,"z":93.1319351196289},"rotation":{"x":-0.49027219414711,"y":-0.3271951973438263,"z":0.2053193897008896,"w":-0.781304121017456},"size":112.25480651855469,"orthographic":false}