{"cameraMode":{"drawMode":0,"name":"Shaded","section":"Shading Mode"},"sceneLighting":true,"audioPlay":false,"sceneViewState":{"showFog":true,"showMaterialUpdate":false,"showSkybox":true,"showFlares":true,"showImageEffects":true,"showParticleSystems":true},"in2DMode":false,"pivot":{"x":-6.005966663360596,"y":0.021839141845703126,"z":23.941802978515626},"rotation":{"x":-0.2479664832353592,"y":0.041250210255384448,"z":-0.010575334541499615,"w":-0.9678429365158081},"size":54.150760650634769,"orthographic":false}