{"cameraMode":{"drawMode":0,"name":"Shaded","section":"Shading Mode"},"sceneLighting":true,"audioPlay":false,"sceneViewState":{"showFog":true,"showMaterialUpdate":false,"showSkybox":true,"showFlares":true,"showImageEffects":true,"showParticleSystems":true},"in2DMode":false,"pivot":{"x":16.128952026367189,"y":-16.414878845214845,"z":26.669601440429689},"rotation":{"x":0.08090490102767945,"y":-0.8970062732696533,"z":0.3934999704360962,"w":0.18445198237895966},"size":90.48895263671875,"orthographic":false}