{"cameraMode":{"drawMode":0,"name":"Shaded","section":"Shading Mode"},"sceneLighting":true,"audioPlay":false,"sceneViewState":{"showFog":true,"showMaterialUpdate":false,"showSkybox":true,"showFlares":true,"showImageEffects":true,"showParticleSystems":true},"in2DMode":false,"pivot":{"x":36.83739471435547,"y":-92.11962890625,"z":-12.745109558105469},"rotation":{"x":0.16178739070892335,"y":0.8216241598129273,"z":-0.2850104570388794,"w":0.4663983881473541},"size":135.24185180664063,"orthographic":false}